pgls_ml_intercept	pgls_ml_slope	pgls_intercept	pgls_slope	ols_intercept	ols_slope	pgls_ml_pval	pgls_pval	ols_pval	pic_pval	pic_cor_pval	pgls_ml_rsq	pgls_rsq	ols_rsq	ml_lambda	ml_lambda_pval	cor_rho	experiment	pgls_ml_padj	pgls_padj	ols_padj	pic_padj
1.99353821255969	-0.283223039055354	1.96136298719256	-0.277926805596982	1.99353823041867	-0.283222982704081	0.295724375585253	0.282291029610515	0.295724504475158	0.282291029610518	0.656438264075622	0.0725758821236838	0.0765702715150175	0.0725758448345191	1e-06	1	-0.120588235294118	Generation_time_y.Alpha	0.98279689613914	0.792763421480923	0.982797086210178	0.792763421480964
1.81804823764569	-0.0501996803712608	1.82156253677692	-0.0875413159703862	1.81804818266667	-0.0501995455952382	0.825012983021079	0.698106264887075	0.825013438889756	0.698106264887078	0.656438264075622	0.00336375534225175	0.0103157872926187	0.00336373755781279	1e-06	1	-0.120588235294118	AssemblyStatus.Alpha	0.98279689613914	0.792763421480923	0.982797086210178	0.792763421480964
1.78670748982982	-0.0452247176685319	1.84151852405606	-0.434626209339781	1.7867073836123	-0.0452239978316605	0.953960812197293	0.618000980689017	0.953961535241035	0.618000980689023	0.856487487406736	0.000229711103223691	0.0169937844929017	0.000229703880884455	1e-06	1	0.05	Divergence_to_NCA.Alpha	0.98279689613914	0.792763421480923	0.982797086210178	0.792763421480964
1.22915760566343	0.112477098648256	1.12098581945409	0.129488047185532	1.22915803773694	0.112477021327737	0.672698772747005	0.623864977730853	0.672698992428215	0.623864977730829	0.934506695423921	0.0122246253952911	0.0164371147613924	0.012224608080806	1e-06	1	-0.0235294117647059	ContigN50.Alpha	0.98279689613914	0.792763421480923	0.982797086210178	0.792763421480964
1.80015744574871	-0.00368832074450864	2.02784432543642	-0.0431154308049972	1.80015723940619	-0.00368828022761391	0.98279689613914	0.792763421480923	0.982797086210178	0.792763421480964	0.696767004644846	3.20455967483822e-05	0.00474607985582524	3.20448885328047e-05	1e-06	1	-0.105882352941176	ScaffoldN50.Alpha	0.98279689613914	0.792763421480923	0.982797086210178	0.792763421480964
1.10464795302088	-0.0190450079941407	1.10190803942299	-0.0186111257052692	1.104647954527	-0.0190450031780298	0.394319618486679	0.384133877057742	0.394319771499765	0.384133877057769	0.696767004644846	0.0487736075548342	0.0508589065192111	0.0487735767759449	1e-06	1	-0.105882352941176	Generation_time_y.Xz_a	0.98279689613914	0.792763421480923	0.982797086210178	0.792763421480964
