pgls_ml_intercept	pgls_ml_slope	pgls_intercept	pgls_slope	ols_intercept	ols_slope	pgls_ml_pval	pgls_pval	ols_pval	pic_pval	pic_cor_pval	pgls_ml_rsq	pgls_rsq	ols_rsq	ml_lambda	ml_lambda_pval	cor_rho	experiment	pgls_ml_padj	pgls_padj	pic_padj
1.55752554647214	0.55744602604746	1.37992302943167	0.646856141780971	1.55752527503218	0.557445980878014	0.0890137262919231	0.0208513907151096	0.0890137814261777	0.0208513907151094	0.12916175578724	0.261854530436323	0.428726314430043	0.261854453201526	1e-06	1	0.490909090909091	Predicted_alpha_dnms.Alpha_dnm	0.118684968389231	0.0278018542868127	0.0278018542868126
-1.00415641584404	1.50961000179638	-1.00415641584404	1.50961000179638	0.0637004273445661	1.11377351602616	0.00321475333531551	0.00321475333531551	0.11644502496723	0.00321475333531547	0.249917328042328	0.682686113211266	0.682686113211266	0.279125703259258	1	0.262730347117288	0.433333333333333	Predicted_alpha_dnms_min2trios.Alpha_dnm	0.00642950667063102	0.00642950667063102	0.00642950667063094
0.725919133882947	1.05528121448678	0.725919133882947	1.05528121448678	0.92341291495298	0.950445963762102	0.126977062828478	0.126977062828478	0.218796579006997	0.126977062828478	0.102777777777778	0.400781809575498	0.400781809575498	0.283264767648246	1	0.0875918213306786	0.771428571428571	Predicted_alpha_dnms_min8trios.Alpha_dnm	0.126977062828478	0.126977062828478	0.126977062828478
-1.41017703729464	1.51994902513257	-1.41017703729464	1.51994902513257	0.0286510065749782	1.04671207357642	0.000344908128345089	0.000344908128345089	0.0340473546118531	0.000344908128345072	0.114980158730159	0.856596348133961	0.856596348133961	0.496495473003351	1	0.292558561881762	0.619047619047619	Predicted_alpha_dnms_min2trios30dnms.Alpha_dnm	0.00137963251338036	0.00137963251338036	0.00137963251338029
